,time,x
0,0.0,0.0
1,0.004,-0.31652832100002115
2,0.008,-0.5983581549999712
3,0.012,-0.8392944340000099
4,0.016,-1.142242431999989
5,0.02,-1.4224243169999795
6,0.024,-1.6504211430000169
7,0.028,-1.9395446780000043
8,0.032,-2.281616210999971
9,0.036,-2.6121215829999755
10,0.04,-2.9543457039999907
11,0.044,-3.3269042969999987
12,0.048,-3.723937988999978
13,0.052,-4.089508056999989
14,0.056,-4.502136231000009
15,0.06,-4.908569335999971
16,0.064,-5.316650390999996
17,0.068,-5.736175537999998
18,0.072,-6.157226562999995
19,0.076,-6.534240722999982
20,0.08,-6.940368653000007
21,0.084,-7.363769531999992
22,0.088,-7.767822265999996
23,0.092,-8.195281982999973
24,0.096,-8.577331543000014
25,0.1,-9.064910888999975
26,0.104,-9.488616944
27,0.108,-9.978942872000005
28,0.112,-10.43469238299997
29,0.116,-10.919952393000017
30,0.12,-11.371429444
31,0.124,-11.808105468999997
32,0.128,-12.281097412999998
33,0.132,-12.701629638999975
34,0.136,-13.141662597999982
35,0.14,-13.59106445399999
36,0.144,-14.04544067400002
37,0.148,-14.483673096000018
38,0.152,-14.953247071000021
39,0.156,-15.415313721000018
40,0.16,-15.85266113299997
41,0.164,-16.24645996099997
42,0.168,-16.676574707999976
43,0.172,-17.070281982999973
44,0.176,-17.407012940000016
45,0.18,-17.73416137700002
46,0.184,-18.01045227099999
47,0.188,-18.231781006000006
48,0.192,-18.398651123999997
49,0.196,-18.454925537999998
50,0.2,-18.404403686999984
51,0.204,-18.350769042999985
52,0.208,-18.330520629999995
53,0.212,-18.354492187999995
54,0.216,-18.40107727099999
55,0.22,-18.45967102099999
56,0.224,-18.467864991
57,0.228,-18.481658936000002
58,0.232,-18.486785889000004
59,0.236,-18.467864991
60,0.24,-18.453186036000005
61,0.244,-18.429199218999997
62,0.248,-18.417037964000002
63,0.252,-18.412780761999983
64,0.256,-18.434310914000008
65,0.26,-18.467926025999986
66,0.264,-18.517990112999996
67,0.268,-18.582000733
68,0.272,-18.673431397
69,0.276,-18.787902833000004
70,0.28,-18.899444580999983
71,0.284,-19.05418395999999
72,0.288,-19.199859619999984
73,0.292,-19.359848022999984
74,0.296,-19.49537658699998
75,0.3,-19.635681153000007
76,0.304,-19.760314942000008
77,0.308,-19.862991333999986
78,0.312,-19.944000244999984
79,0.316,-19.977844239000007
80,0.32,-19.976150512999993
81,0.324,-19.957855225000003
82,0.328,-19.901168823999996
83,0.332,-19.851272583999986
84,0.336,-19.75920105
85,0.34,-19.65803527899999
86,0.344,-19.595672608
87,0.348,-19.61347961499999
88,0.352,-19.65357971199998
89,0.356,-19.678482056000007
90,0.36,-19.655670166999982
91,0.364,-19.67311096199998
92,0.368,-19.674102783999984
93,0.372,-19.70918273999999
94,0.376,-19.733886718999997
95,0.38,-19.778411866
96,0.384,-19.854904175
97,0.388,-19.926177978999988
98,0.392,-20.01437378
99,0.396,-20.11860656799999
100,0.4,-20.22387695399999
101,0.404,-20.32490539599999
102,0.408,-20.438781739000007
103,0.412,-20.512420655
104,0.416,-20.58396911699998
105,0.42,-20.636444092000005
106,0.424,-20.670059205
107,0.428,-20.69921875
108,0.432,-20.701583862999996
109,0.436,-20.688507080999983
110,0.44,-20.669311523999994
111,0.444,-20.620574952
112,0.448,-20.54512023999999
113,0.452,-20.48562622099999
114,0.456,-20.387908936000002
115,0.46,-20.25549316499999
116,0.464,-20.147048950999988
117,0.468,-20.035552978999988
118,0.472,-19.923995972
119,0.476,-19.836761475000003
120,0.48,-19.769958497000005
121,0.484,-19.709793090999995
122,0.488,-19.68695068399998
123,0.492,-19.652465820999993
124,0.496,-19.667297364000007
125,0.5,-19.666015625
126,0.504,-19.663909912999998
127,0.508,-19.65766906799999
128,0.512,-19.645294189999987
129,0.516,-19.655197144
130,0.52,-19.654846192000008
131,0.524,-19.667938233
132,0.528,-19.670364379999995
133,0.532,-19.658279418999996
134,0.536,-19.637420655
135,0.54,-19.651779175
136,0.544,-19.648681640999996
137,0.548,-19.65589904799998
138,0.552,-19.647964478000006
139,0.556,-19.64402770999999
140,0.56,-19.638076783000002
141,0.564,-19.610855103000006
142,0.568,-19.555847167999985
143,0.572,-19.462570190999998
144,0.576,-19.38049316499999
145,0.58,-19.29258728099998
146,0.584,-19.199783325999988
147,0.588,-19.073028564999987
148,0.592,-18.94387817399999
149,0.596,-18.823699952
150,0.6,-18.702041625999982
151,0.604,-18.549118042000003
152,0.608,-18.438537597999982
153,0.612,-18.335464478000006
154,0.616,-18.255584717000005
155,0.62,-18.181900025000004
156,0.624,-18.13101196299999
157,0.628,-18.092956542999985
158,0.632,-18.068725586
159,0.636,-18.072708129999995
160,0.64,-18.066970825999988
161,0.644,-18.074310303000004
162,0.648,-18.063491822000003
163,0.652,-18.082260131999988
164,0.656,-18.112457275999986
165,0.66,-18.11486816499999
166,0.664,-18.103622436999984
167,0.668,-18.114929200000006
168,0.672,-18.129409791
169,0.676,-18.137496948999996
170,0.68,-18.131820678999986
171,0.684,-18.128997803000004
172,0.688,-18.134277343999997
173,0.692,-18.136993408999984
174,0.696,-18.125595092999987
175,0.7,-18.108139039000008
176,0.704,-18.097915650000004
177,0.708,-18.073196411999987
178,0.712,-18.054290772
179,0.716,-18.02114868199999
180,0.72,-17.990478515999996
181,0.724,-17.961486817000008
182,0.728,-17.926071167000003
183,0.732,-17.903182983999983
184,0.736,-17.893447875999982
185,0.74,-17.87605285699999
186,0.744,-17.855850220000008
187,0.748,-17.808853150000004
188,0.752,-17.806701661000005
189,0.756,-17.781311035999977
190,0.76,-17.745849609999993
191,0.764,-17.72265625
192,0.768,-17.694702149000022
193,0.772,-17.666503906999992
194,0.776,-17.633575440000016
195,0.78,-17.59655761800002
196,0.784,-17.571441650999986
197,0.788,-17.540954590000013
198,0.792,-17.489410400999986
199,0.796,-17.46148681699998
200,0.8,-17.43801879900002
201,0.804,-17.410583497000005
202,0.808,-17.38885498100001
203,0.812,-17.37057495199997
204,0.816,-17.376495362000014
205,0.82,-17.355865478999988
206,0.824,-17.361236572999985
207,0.828,-17.36773681699998
208,0.832,-17.352935791999982
209,0.836,-17.366302491
210,0.84,-17.370269775999986
211,0.844,-17.36593627999997
212,0.848,-17.366912841999977
213,0.852,-17.388671875
214,0.856,-17.39245605499997
215,0.86,-17.37927246099997
216,0.864,-17.378753662999998
217,0.868,-17.401733399000022
218,0.872,-17.389862060999974
219,0.876,-17.412567138999975
220,0.88,-17.41125488299997
221,0.884,-17.421783447999985
222,0.888,-17.42785644600002
223,0.892,-17.41809082100002
224,0.896,-17.415771484999993
225,0.9,-17.442199707999976
226,0.904,-17.449523925999983
227,0.908,-17.43624877999997
228,0.912,-17.443084716999977
229,0.916,-17.451934815000016
230,0.92,-17.44512939499998
231,0.924,-17.46163940499997
232,0.928,-17.47192382899999
233,0.932,-17.46450805699999
234,0.936,-17.459411622000005
235,0.94,-17.48083496099997
236,0.944,-17.486724853999988
237,0.948,-17.514160156999992
238,0.952,-17.523529053000004
239,0.956,-17.54187011800002
240,0.96,-17.57604980499997
241,0.964,-17.58560180699999
242,0.968,-17.617980957999976
243,0.972,-17.639739991
244,0.976,-17.661437988999978
245,0.98,-17.68460083100001
246,0.984,-17.686126709000007
247,0.988,-17.69158935600001
248,0.992,-17.70846557699997
249,0.996,-17.736267090000013
250,1.0,-17.739013672
251,1.004,-17.75637817400002
252,1.008,-17.76794433599997
253,1.012,-17.782501221000018
254,1.016,-17.818298339999984
255,1.02,-17.82044983
256,1.024,-17.843673706999994
257,1.028,-17.869033814000005
258,1.032,-17.916427612999996
259,1.036,-17.945892334000007
260,1.04,-17.975646972999982
261,1.044,-18.018127442000008
262,1.048,-18.059616089000002
263,1.052,-18.085098267000006
264,1.056,-18.137130737999996
265,1.06,-18.170700073999996
266,1.064,-18.187545776999997
267,1.068,-18.22480773999999
268,1.072,-18.24981689499998
269,1.076,-18.263015747999987
270,1.08,-18.29283142099999
271,1.084,-18.32083129899999
272,1.088,-18.347930908999984
273,1.092,-18.368881225999985
274,1.096,-18.377853394
275,1.1,-18.388519287999998
276,1.104,-18.409286500000007
277,1.108,-18.417694092000005
278,1.112,-18.430953979999998
279,1.116,-18.429443359999993
280,1.12,-18.452194214000002
281,1.124,-18.443466186999984
282,1.128,-18.430999756000006
283,1.132,-18.440063476999995
284,1.136,-18.43946838400001
285,1.14,-18.438400269
286,1.144,-18.416076661000005
287,1.148,-18.403259278000007
288,1.152,-18.405334472999982
289,1.156,-18.400772095000008
290,1.16,-18.389495850000003
291,1.164,-18.391387939999987
292,1.168,-18.385192872000005
293,1.172,-18.373672486000004
294,1.176,-18.375396728999988
295,1.18,-18.380966186999984
296,1.184,-18.36558532800001
297,1.188,-18.368820190999998
298,1.192,-18.358062744999984
299,1.196,-18.350509644
300,1.2,-18.363647461
301,1.204,-18.362304687999995
302,1.208,-18.369766236000004
303,1.212,-18.373977661999987
304,1.216,-18.380752564000005
305,1.22,-18.390792847
306,1.224,-18.41780090399999
307,1.228,-18.419143676999994
308,1.232,-18.428161622000005
309,1.236,-18.441772461
310,1.24,-18.465515136999983
311,1.244,-18.502853394
312,1.248,-18.563461303999986
313,1.252,-18.696075439999987
314,1.256,-18.857879639000004
315,1.26,-19.082366944
316,1.264,-19.345184327
317,1.268,-19.656585694
318,1.272,-19.996429444
319,1.276,-20.377975464000002
320,1.28,-20.780593872999987
321,1.284,-21.182403564999987
322,1.288,-21.647583007999998
323,1.292,-22.125946045000006
324,1.296,-22.622253417999985
325,1.3,-23.162322998999997
326,1.304,-23.73033142099999
327,1.308,-24.354339600000003
328,1.312,-25.028717041999982
329,1.316,-25.734649658999984
330,1.32,-26.495254517000006
331,1.324,-27.282287597999982
332,1.328,-28.080535889000004
333,1.332,-28.961807250999982
334,1.336,-29.816009522
335,1.34,-30.773391723999993
336,1.344,-31.778656006000006
337,1.348,-32.86968994200001
338,1.352,-34.08930969299999
339,1.356,-35.48614501999998
340,1.36,-37.04275512699999
341,1.364,-38.577270508
342,1.368,-40.08967590399999
343,1.372,-41.59886169499998
344,1.376,-43.11004638699998
345,1.38,-44.67308044499998
346,1.384,-46.20562744200001
347,1.388,-47.766616822
348,1.392,-49.317031861000004
349,1.396,-50.86291503999999
350,1.4,-52.39146423399998
351,1.404,-53.917770386
352,1.408,-55.454559327
353,1.412,-56.98753356999998
354,1.416,-58.53498840399999
355,1.42,-60.07315063499999
356,1.424,-61.645156861000004
357,1.428,-63.19815063499999
358,1.432,-64.727386475
359,1.436,-66.25430297899999
360,1.44,-67.7684021
361,1.444,-69.25114441
362,1.448,-70.700897217
363,1.452,-72.116744996
364,1.456,-73.50181579599999
365,1.46,-74.808929444
366,1.464,-76.115493775
367,1.468,-77.381469727
368,1.472,-78.578903199
369,1.476,-79.696502686
370,1.48,-80.74961853099998
371,1.484,-81.655441285
372,1.488,-82.422576905
373,1.492,-83.195755005
374,1.496,-83.93431091400001
375,1.5,-84.673049927
376,1.504,-85.376678467
377,1.508,-85.960540772
378,1.512,-86.48753356999998
379,1.516,-86.92039489799998
380,1.52,-87.277023316
381,1.524,-87.63911438
382,1.528,-88.16474914599999
383,1.532,-88.707931519
384,1.536,-89.148880005
385,1.54,-89.43553161699998
386,1.544,-89.58743286199999
387,1.548,-89.616516114
388,1.552,-89.59939575199999
389,1.556,-89.569259644
390,1.56,-89.48110961999998
391,1.564,-89.29029846199998
392,1.568,-89.031860352
393,1.572,-88.704193116
394,1.576,-88.32603454599999
395,1.58,-87.873657227
396,1.584,-87.39353942899999
397,1.588,-86.89830017099999
398,1.592,-86.443328858
399,1.596,-85.968109131
400,1.6,-85.46731567399999
401,1.604,-84.90481567399999
402,1.608,-84.26020813
403,1.612,-83.495132447
404,1.616,-82.58099365300001
405,1.62,-81.59048461999998
406,1.624,-80.59329223699999
407,1.628,-79.36360168499999
408,1.632,-77.74409484899999
409,1.636,-75.80198669499998
410,1.64,-73.59500122099999
411,1.644,-71.15260315
412,1.648,-68.42637634299999
413,1.652,-65.509567261
414,1.656,-62.30296325699999
415,1.66,-58.90130615300001
416,1.664,-55.28840637299999
417,1.668,-51.489944458999986
418,1.672,-47.532806397
419,1.676,-43.439712525000004
420,1.68,-39.22714233400001
421,1.684,-34.87512207099999
422,1.688,-30.451538086
423,1.692,-25.949768067000008
424,1.696,-21.380035400999986
425,1.7,-16.77697754000002
426,1.704,-12.116546631000006
427,1.708,-7.416748046999999
428,1.712,-2.695434571000021
429,1.716,2.0609130849999815
430,1.72,6.966766356999983
431,1.724,11.897521971999993
432,1.728,16.716552734000004
433,1.732,21.297149658000023
434,1.736,25.67330932599998
435,1.74,29.85720825100003
436,1.744,33.98474120999998
437,1.748,37.900878906
438,1.752,41.579437255000016
439,1.756,45.008209228
440,1.76,48.233215331999986
441,1.764,51.19473266599999
442,1.768,53.908843993999994
443,1.772,56.36322021400002
444,1.776,58.57952880800002
445,1.78,60.511627196999996
446,1.784,62.19140625
447,1.788,63.577331542000024
448,1.792,64.75546264600001
449,1.796,65.63656616200001
450,1.8,66.10580444300001
451,1.804,66.276031494
452,1.808,66.40066528300002
453,1.812,66.49981689399999
454,1.816,66.56585693300002
455,1.82,66.59698486299999
456,1.824,66.60363769500003
457,1.828,66.569976806
458,1.832,66.457183837
459,1.836,66.239257812
460,1.84,65.93048095699999
461,1.844,65.448242187
462,1.848,64.77178955
463,1.852,63.924468993999994
464,1.856,62.87097167899998
465,1.86,61.66085815399998
466,1.864,60.31378173799999
467,1.868,58.86105346599999
468,1.872,57.29989624000001
469,1.876,55.65176391599999
470,1.88,53.95382690399998
471,1.884,52.203765868999994
472,1.888,50.39508056599999
473,1.892,48.53582763600002
474,1.896,46.615692137999986
475,1.9,44.62390136700003
476,1.904,42.552825927000015
477,1.908,40.350097656
478,1.912,37.98419189399999
479,1.916,35.470062255000016
480,1.92,32.780487059999984
481,1.924,29.951751708000018
482,1.928,26.856964111000025
483,1.932,23.61770629800003
484,1.936,20.210998534999987
485,1.94,16.64431762600003
486,1.944,12.869506834999981
487,1.948,8.94476318300002
488,1.952,4.883514403999982
489,1.956,0.651519774999997
490,1.96,-3.570953369999984
491,1.964,-7.941101075000006
492,1.968,-12.472167968999997
493,1.972,-17.139801025999986
494,1.976,-21.680313111000004
495,1.98,-26.016632080999983
496,1.984,-30.16551208499999
497,1.988,-34.260498047
498,1.992,-38.25408935600001
499,1.996,-42.120086670000006
500,2.0,-45.97036743199999
501,2.004,-49.726364136
502,2.008,-53.380630494
503,2.012,-56.98599243199999
504,2.016,-60.50253295900001
505,2.02,-63.888610839999984
506,2.024,-67.200408936
507,2.028,-70.37413025000001
508,2.032,-73.44430542
509,2.036,-76.344696045
510,2.04,-78.97837829599999
511,2.044,-81.39527893100001
512,2.048,-83.79876708999998
513,2.052,-86.12872314499998
514,2.056,-88.24333191
515,2.06,-90.13475036699998
516,2.064,-92.19618225099998
517,2.068,-94.32151794499998
518,2.072,-96.15322875999999
519,2.076,-97.619384766
520,2.08,-98.74449157800001
521,2.084,-99.519210816
522,2.088,-99.99143981999998
523,2.092,-100.255340577
524,2.096,-100.388473511
525,2.1,-100.373672486
526,2.104,-100.283340455
527,2.108,-100.03239441
528,2.112,-99.60977172899999
529,2.116,-98.940032959
530,2.12,-98.064590455
531,2.124,-97.009857178
532,2.128,-95.76007080099998
533,2.132,-94.41580200199999
534,2.136,-92.903137208
535,2.14,-91.315887452
536,2.144,-89.82257080099998
537,2.148,-88.413574219
538,2.152,-86.991546631
539,2.156,-85.452804566
540,2.16,-83.992431641
541,2.164,-82.378707886
542,2.168,-80.212036133
543,2.172,-77.698074341
544,2.176,-74.88934326199998
545,2.18,-71.818649292
546,2.184,-68.495574952
547,2.188,-64.882736207
548,2.192,-61.076461792
549,2.196,-57.20083618199999
550,2.2,-53.258056640999996
551,2.204,-49.18676757899999
552,2.208,-45.059219361000004
553,2.212,-40.914352417
554,2.216,-36.69143676799999
555,2.22,-32.40339660699999
556,2.224,-28.06213378999999
557,2.228,-23.723144531999992
558,2.232,-19.434524536999987
559,2.236,-15.108703613999978
560,2.24,-10.81976318400001
561,2.244,-6.632476806999989
562,2.248,-2.4279174810000086
563,2.252,1.769287109000004
564,2.256,5.92630004800003
565,2.26,10.026092528999982
566,2.264,14.08615112299998
567,2.268,18.136962890000007
568,2.272,22.098632812000005
569,2.276,26.10140991200001
570,2.28,30.373321533000023
571,2.284,34.363586424999994
572,2.288,37.989044189000026
573,2.292,41.469177246000015
574,2.296,44.85491943300002
575,2.3,47.99874877899998
576,2.304,51.027648924999994
577,2.308,53.89172363199998
578,2.312,56.56002807599998
579,2.316,58.95468139600001
580,2.32,61.16790771400002
581,2.324,63.15847778300002
582,2.328,64.947509765
583,2.332,66.39825439399999
584,2.336,67.60989379800003
585,2.34,68.63092040999999
586,2.344,69.38558959900001
587,2.348,69.979644775
588,2.352,70.27688598600002
589,2.356,70.38583374000001
590,2.36,70.46820068300002
591,2.364,70.52416992100001
592,2.368,70.54598999000001
593,2.372,70.59533691400003
594,2.376,70.59686279200002
595,2.38,70.565673828
596,2.384,70.39849853499999
597,2.388,70.12307739200003
598,2.392,69.695465087
599,2.396,69.094726562
600,2.4,68.26470947199999
601,2.404,67.15682983300002
602,2.408,65.86364745999998
603,2.412,64.33538818300002
604,2.416,62.647705078
605,2.42,60.83895874000001
606,2.424,58.959625243999994
607,2.428,56.98327636700003
608,2.432,54.92901611299999
609,2.436,52.719543456999986
610,2.44,50.39855957000003
611,2.444,47.91857910099998
612,2.448,45.25518798799999
613,2.452,42.44210815399998
614,2.456,39.448394775
615,2.46,36.365875243999994
616,2.464,33.12951660099998
617,2.468,29.700378417000024
618,2.472,26.09069824200003
619,2.476,22.391601562000005
620,2.48,18.539978027000018
621,2.484,14.604278564000026
622,2.488,10.548614501000031
623,2.492,6.430114746000015
624,2.496,2.211822509000001
625,2.5,-2.0591125490000195
626,2.504,-6.402404785999977
627,2.508,-10.852325440000016
628,2.512,-15.478057862000014
629,2.516,-20.23245239299999
630,2.52,-24.88479614299999
631,2.524,-29.361267089999984
632,2.528,-33.71382141199999
633,2.532,-37.955978394
634,2.536,-42.138641358
635,2.54,-46.17967224199998
636,2.544,-50.101043702
637,2.548,-53.935958862999996
638,2.552,-57.626556397
639,2.556,-61.27470398
640,2.56,-64.78330993699998
641,2.564,-68.17932128999999
642,2.568,-71.433181763
643,2.572,-74.498504639
644,2.576,-77.461639405
645,2.58,-80.18008422899999
646,2.584,-82.681564332
647,2.588,-84.934707642
648,2.592,-86.904663086
649,2.596,-88.591033936
650,2.6,-90.14927673399998
651,2.604,-91.515014649
652,2.608,-92.674636841
653,2.612,-93.607879639
654,2.616,-94.30451965399999
655,2.62,-94.976638794
656,2.624,-95.73379516699998
657,2.628,-96.30755615300001
658,2.632,-96.576171875
659,2.636,-96.60916137699999
660,2.64,-96.41230773999999
661,2.644,-95.970428467
662,2.648,-95.32864379899999
663,2.652,-94.487838746
664,2.656,-93.45623779299999
665,2.66,-92.31570434599999
666,2.664,-91.02626037599998
667,2.668,-89.62092590399999
668,2.672,-88.09106445399999
669,2.676,-86.49839782800001
670,2.68,-84.840209961
671,2.684,-83.185714722
672,2.688,-81.52505493199999
673,2.692,-79.765914917
674,2.696,-77.998703003
675,2.7,-76.12026977599999
676,2.704,-74.15699768100001
677,2.708,-72.032928467
678,2.712,-69.76626586999998
679,2.716,-67.36880493199999
680,2.72,-64.92524719299999
681,2.724,-62.459945678999986
682,2.728,-59.717453003
683,2.732,-56.675292969
684,2.736,-53.34747314499998
685,2.74,-49.850234986000004
686,2.744,-46.177307128999985
687,2.748,-42.30305480999999
688,2.752,-38.24887085
689,2.756,-34.04421997099999
690,2.76,-29.672668458000004
691,2.764,-25.20434570399999
692,2.768,-20.668365478999988
693,2.772,-16.05221557699997
694,2.776,-11.434844971000018
695,2.78,-6.800689697999985
696,2.784,-2.144317627000021
697,2.788,2.4933471670000245
698,2.792,7.089202880000016
699,2.796,11.586334227999998
700,2.8,16.007171630000016
701,2.804,20.32125854399999
702,2.808,24.459808349000014
703,2.812,28.56585693300002
704,2.816,32.65988159099999
705,2.82,36.732727049999994
706,2.824,40.362091064000026
707,2.828,43.69268798799999
708,2.832,46.99346923799999
709,2.836,50.10867309500003
710,2.84,53.03857421800001
711,2.844,55.932037353
712,2.848,58.54010009699999
713,2.852,60.99346923799999
714,2.856,63.24331665
715,2.86,65.293945312
716,2.864,67.13211059500003
717,2.868,68.762695312
718,2.872,70.1428833
719,2.876,71.31500244099999
720,2.88,72.256347656
721,2.884,72.96362304600001
722,2.888,73.51239013600002
723,2.892,73.77468872000003
724,2.896,73.839416503
725,2.9,73.73504638600002
726,2.904,73.72274780200001
727,2.908,73.694244384
728,2.912,73.60629272400001
729,2.916,73.51034545800002
730,2.92,73.30709838799999
731,2.924,72.90142822199999
732,2.928,72.39285278300002
733,2.932,71.669677734
734,2.936,70.82406616200001
735,2.94,69.80447387600003
736,2.944,68.67803955
737,2.948,67.41293334900001
738,2.952,65.98812866200001
739,2.956,64.43591308499998
740,2.96,62.842987059999984
741,2.964,61.07775878900003
742,2.968,59.26843261700003
743,2.972,57.38189697199999
744,2.976,55.46426391599999
745,2.98,53.41110229399999
746,2.984,51.22018432599998
747,2.988,48.93023681599999
748,2.992,46.535919189000026
749,2.996,44.029052734000004
750,3.0,41.36474609300001
751,3.004,38.56625366200001
752,3.008,35.67630004800003
753,3.012,32.613922118999994
754,3.016,29.438964843000008
755,3.02,26.180694580000022
756,3.024,22.754364012999986
757,3.028,19.158843993999994
758,3.032,15.482238768999991
759,3.036,11.700134277000018
760,3.04,7.830291747999979
761,3.044,3.8998718259999805
762,3.048,-0.24877929699999868
763,3.052,-4.646179200000006
764,3.056,-9.09375
765,3.06,-13.423400878999985
766,3.064,-17.678070069
767,3.068,-21.86842346199998
768,3.072,-25.971511840999995
769,3.076,-30.039962769
770,3.08,-34.026580811
771,3.084,-37.925689697999985
772,3.088,-41.707077027
773,3.092,-45.376159667999985
774,3.096,-48.974380494
775,3.1,-52.466156006000006
776,3.104,-55.88674926799999
777,3.108,-59.219909667999985
778,3.112,-62.49763488799999
779,3.116,-65.662002564
780,3.12,-68.79689025900001
781,3.124,-71.78602600099998
782,3.128,-74.70686340399999
783,3.132,-77.42469787599998
784,3.136,-79.95921325699999
785,3.14,-82.306243897
786,3.144,-84.39785766699998
787,3.148,-86.21821594299999
788,3.152,-87.686126709
789,3.156,-88.83229065
790,3.16,-89.873107911
791,3.164,-90.837051392
792,3.168,-91.63230895999999
793,3.172,-92.20716858
794,3.176,-92.65518188499999
795,3.18,-93.05238342299998
796,3.184,-93.54971313499999
797,3.188,-93.933120728
798,3.192,-94.04470825199999
799,3.196,-93.958312989
800,3.2,-93.68191528399998
801,3.204,-93.155609131
802,3.208,-92.454483033
803,3.212,-91.625091553
804,3.216,-90.65957641699998
805,3.22,-89.55889892599998
806,3.224,-88.35188293499999
807,3.228,-87.09014892599998
808,3.232,-85.791275025
809,3.236,-84.39378356999998
810,3.24,-82.90890503
811,3.244,-81.27752685600001
812,3.248,-79.49534606999998
813,3.252,-77.558151246
814,3.256,-75.418869019
815,3.26,-73.102844239
816,3.264,-70.73132324299999
817,3.268,-68.370285035
818,3.272,-65.80389404299999
819,3.276,-62.92842102099999
820,3.28,-59.775299072999985
821,3.284,-56.436889648999994
822,3.288,-52.8802948
823,3.292,-49.201065064000005
824,3.296,-45.349136353000006
825,3.3,-41.336364747000005
826,3.304,-37.21218872099999
827,3.308,-32.96682739299999
828,3.312,-28.604110717999987
829,3.316,-24.188171386999983
830,3.32,-19.640884400000004
831,3.324,-15.051239013999975
832,3.328,-10.437438965000013
833,3.332,-5.806549072999985
834,3.336,-1.2087402349999934
835,3.34,3.399749755000016
836,3.344,7.916137695000032
837,3.348,12.384521484000004
838,3.352,16.783905028999982
839,3.356,21.254364012999986
840,3.36,25.752532958000018
841,3.364,29.952331542000024
842,3.368,33.89166259699999
843,3.372,37.59475708000002
844,3.376,41.131011962
845,3.38,44.5362854
846,3.384,47.71932983300002
847,3.388,50.93002319300001
848,3.392,53.94696044900002
849,3.396,56.75146484300001
850,3.4,59.44332885699998
851,3.404,61.860015868999994
852,3.408,64.07897949200003
853,3.412,65.99948120099998
854,3.416,67.71749877899998
855,3.42,69.18234252899998
856,3.424,70.44430541899999
857,3.428,71.54437255800002
858,3.432,72.48617553700001
859,3.436,73.136627197
860,3.44,73.60379028300002
861,3.444,73.702056884
862,3.448,73.76483154200002
863,3.452,73.86730957000003
864,3.456,73.92843627899998
865,3.46,73.97058105399998
866,3.464,74.019195556
867,3.468,74.01205444300001
868,3.472,73.954010009
869,3.476,73.885009765
870,3.48,73.66848754800003
871,3.484,73.29220580999998
872,3.488,72.69406127899998
873,3.492,71.80502319300001
874,3.496,70.665435791
875,3.5,69.33834838799999
876,3.504,67.858062744
877,3.508,66.23107910099998
878,3.512,64.47689819300001
879,3.516,62.63488769500003
880,3.52,60.65698242100001
881,3.524,58.51705932599998
882,3.528,56.21359252899998
883,3.532,53.70455932599998
884,3.536,51.14285278300002
885,3.54,48.34744262600003
886,3.544,45.43850708000002
887,3.548,42.354400634
888,3.552,39.14654540999999
889,3.556,35.877716064000026
890,3.56,32.483947752999995
891,3.564,28.956268309999984
892,3.568,25.34695434500003
893,3.572,21.605621337000002
894,3.576,17.79513549799998
895,3.58,13.861450195000032
896,3.584,9.893341064000026
897,3.588,5.857360839000023
898,3.592,1.7346496580000235
899,3.596,-2.3716430669999795
900,3.6,-6.491760253999985
901,3.604,-10.793395997000005
902,3.608,-15.09518432699997
903,3.612,-19.439041137999993
904,3.616,-23.849334717000005
905,3.62,-28.113128662999998
906,3.624,-32.2449646
907,3.628,-36.193328858
908,3.632,-40.03587341400001
909,3.636,-43.76939392099999
910,3.64,-47.363891601999995
911,3.644,-50.904296875
912,3.648,-54.32566833499999
913,3.652,-57.585540772
914,3.656,-60.69689941499999
915,3.66,-63.607482911000005
916,3.664,-66.30284118699998
917,3.668,-68.78706359899999
918,3.672,-71.142791749
919,3.676,-73.37852478099998
920,3.68,-75.49468994200001
921,3.684,-77.488693238
922,3.688,-79.36384582599999
923,3.692,-81.062301636
924,3.696,-82.58493042
925,3.7,-83.967300416
926,3.704,-85.212036133
927,3.708,-86.582092286
928,3.712,-87.970260621
929,3.716,-89.182098389
930,3.72,-90.118286133
931,3.724,-90.78675842299998
932,3.728,-91.20291137699999
933,3.732,-91.43843078699999
934,3.736,-91.57476806700001
935,3.74,-91.57063293499999
936,3.744,-91.49055480999999
937,3.748,-91.270629883
938,3.752,-90.87808227599999
939,3.756,-90.29006958099998
940,3.76,-89.53164672899999
941,3.764,-88.60858154299999
942,3.768,-87.550994874
943,3.772,-86.43472290099999
944,3.776,-85.327194214
945,3.78,-84.157424927
946,3.784,-82.919998169
947,3.788,-81.579071045
948,3.792,-80.091201783
949,3.796,-78.46795654299999
950,3.8,-76.73841858
951,3.804,-75.00498962500001
952,3.808,-73.10733032299999
953,3.812,-70.775680542
954,3.816,-68.199630738
955,3.82,-65.42092895599998
956,3.824,-62.392349244
957,3.828,-59.17510986400001
958,3.832,-55.784179687999995
959,3.836,-52.227188111000004
960,3.84,-48.559234619999984
961,3.844,-44.74769592299998
962,3.848,-40.78892517099999
963,3.852,-36.752410889000004
964,3.856,-32.65647888199999
965,3.86,-28.465744019
966,3.864,-24.266082764000004
967,3.868,-20.025711059999992
968,3.872,-15.80218505900001
969,3.876,-11.551177978999988
970,3.88,-7.3674926759999835
971,3.884,-3.2097167969999987
972,3.888,0.9119567870000083
973,3.892,4.990936278999982
974,3.896,9.001617431
975,3.9,12.973449706999986
976,3.904,16.901550292000024
977,3.908,20.741607665999993
978,3.912,24.645416259
979,3.916,28.590667724000014
980,3.92,32.501953125
981,3.924,36.33288574200003
982,3.928,39.881652831999986
983,3.932,43.22479248000002
984,3.936,46.398590087
985,3.94,49.47448730399998
986,3.944,52.33465576100002
987,3.948,55.03503417899998
988,3.952,57.58349609300001
989,3.956,59.87307739200003
990,3.96,61.92630004800003
991,3.964,63.728820799999994
992,3.968,65.34530639600001
993,3.972,66.614257812
994,3.976,67.58459472599998
995,3.98,68.21981811500001
996,3.984,68.59777832000003
997,3.988,68.78381347599998
998,3.992,68.71414184500003
999,3.996,68.48153686500001
1000,4.0,68.18029785099998
1001,4.004,67.67169189399999
1002,4.008,67.22470092700001
1003,4.012,67.15280151299999
1004,4.016,67.10671997000003
1005,4.02,67.0491333
1006,4.024,67.00946044900002
1007,4.028,66.98547363199998
1008,4.032,66.88375854399999
1009,4.036,66.66799926700003
1010,4.04,66.279296875
1011,4.044,65.756103515
1012,4.048,65.00320434500003
1013,4.052,64.0078125
1014,4.056,62.894287109000004
1015,4.06,61.68917846599999
1016,4.064,60.47372436500001
1017,4.068,59.24475097599998
1018,4.072,57.98654174799998
1019,4.076,56.67385864200003
1020,4.08,55.283691406
1021,4.084,53.82455444300001
1022,4.088,52.24237060500002
1023,4.092,50.55203247000003
1024,4.096,48.76940917899998
1025,4.1,46.896484375
1026,4.104,44.91296386700003
1027,4.108,42.797760009
1028,4.112,40.607879637999986
1029,4.116,38.26330566400003
1030,4.12,35.82727050699998
1031,4.124,33.318450927000015
1032,4.128,30.693603515000007
1033,4.132,27.97125244099999
1034,4.136,25.15893554600001
1035,4.14,22.305664062000005
1036,4.144,19.311248778999982
1037,4.148,16.275848387999986
1038,4.152,13.18698120099998
1039,4.156,9.938293456999986
1040,4.16,6.516571043999988
1041,4.164,2.8465270990000135
1042,4.168,-0.7711486819999891
1043,4.172,-4.294250488999978
1044,4.176,-7.8186645509999835
1045,4.18,-11.352600097999982
1046,4.184,-14.882476806999989
1047,4.188,-18.373336792000003
1048,4.192,-21.833938598999993
1049,4.196,-25.239181519
1050,4.2,-28.568283081999994
1051,4.204,-31.809753417999985
1052,4.208,-34.96018981999998
1053,4.212,-38.019470214999984
1054,4.216,-40.95668029799998
1055,4.22,-43.835830689000005
1056,4.224,-46.66108703699999
1057,4.228,-49.41955566499999
1058,4.232,-52.11682128999999
1059,4.236,-54.75479125999999
1060,4.24,-57.342910767000006
1061,4.244,-59.878829956999994
1062,4.248,-62.32530212500001
1063,4.252,-64.701583863
1064,4.256,-67.02874755899998
1065,4.26,-69.25694275000001
1066,4.264,-71.34832763699998
1067,4.268,-73.31793212899998
1068,4.272,-75.109985352
1069,4.276,-76.689620972
1070,4.28,-78.11416625999999
1071,4.284,-79.470947266
1072,4.288,-80.74153137299999
1073,4.292,-81.92767333999998
1074,4.296,-83.00076293999999
1075,4.3,-83.89149475099998
1076,4.304,-84.67324829199998
1077,4.308,-85.30267333999998
1078,4.312,-85.82505798399998
1079,4.316,-86.529342652
1080,4.32,-87.20080566499999
1081,4.324,-87.67288208099998
1082,4.328,-87.92466735899998
1083,4.332,-87.955703736
1084,4.336,-87.87921142599998
1085,4.34,-87.724975586
1086,4.344,-87.41535949799999
1087,4.348,-86.961837769
1088,4.352,-86.38455200199999
1089,4.356,-85.67707824799999
1090,4.36,-84.86326599199998
1091,4.364,-83.92263793999999
1092,4.368,-82.82029724199998
1093,4.372,-81.664764405
1094,4.376,-80.48034668
1095,4.38,-79.26362609899999
1096,4.384,-77.957397461
1097,4.388,-76.54275512699999
1098,4.392,-74.98298645099999
1099,4.396,-73.249313355
1100,4.4,-71.308929444
1101,4.404,-69.17803955099998
1102,4.408,-66.857666016
1103,4.412,-64.40222168
1104,4.416,-61.86097717299998
1105,4.42,-58.972579956999994
1106,4.424,-55.80101013199999
1107,4.428,-52.377929687999995
1108,4.432,-48.670944214
1109,4.436,-44.71963500999999
1110,4.44,-40.574874878
1111,4.444,-36.246551514000004
1112,4.448,-31.833724975999985
1113,4.452,-27.32371520999999
1114,4.456,-22.739089965999995
1115,4.46,-18.172744750999982
1116,4.464,-13.592620850000003
1117,4.468,-9.036102294999978
1118,4.472,-4.504180909000013
1119,4.476,0.023071289000029083
1120,4.48,4.644866943000011
1121,4.484,9.378082274999997
1122,4.488,13.993133543999988
1123,4.492,18.354858398000033
1124,4.496,22.53601074200003
1125,4.5,26.566497802000015
1126,4.504,30.39953613199998
1127,4.508,34.162872314000026
1128,4.512,37.76950073199998
1129,4.516,41.23757934500003
1130,4.52,44.47235107400002
1131,4.524,47.571533203
1132,4.528,50.48992919900002
1133,4.532,53.271789549999994
1134,4.536,55.87573242100001
1135,4.54,58.32260131800001
1136,4.544,60.61605834900001
1137,4.548,62.73703002899998
1138,4.552,64.64779663000002
1139,4.556,66.327056884
1140,4.56,67.80331420800002
1141,4.564,69.05929565399998
1142,4.568,70.06741333000002
1143,4.572,70.84384155200001
1144,4.576,71.13143920800002
1145,4.58,71.21685790999999
1146,4.584,71.336090087
1147,4.588,71.44421386700003
1148,4.592,71.52850341700002
1149,4.596,71.56039428700001
1150,4.6,71.55529785099998
1151,4.604,71.49655151299999
1152,4.608,71.41897583000002
1153,4.612,71.26614379800003
1154,4.616,71.05300903300002
1155,4.62,70.642974853
1156,4.624,70.04183959900001
1157,4.628,69.23336791899999
1158,4.632,68.17004394500003
1159,4.636,66.94738769500003
1160,4.64,65.51803588799999
1161,4.644,63.97128295800002
1162,4.648,62.39157104399999
1163,4.652,60.74572753900003
1164,4.656,59.11776733300002
1165,4.66,57.436431884
1166,4.664,55.62802124000001
1167,4.668,53.715148924999994
1168,4.672,51.69491577100001
1169,4.676,49.52056884699999
1170,4.68,47.252258299999994
1171,4.684,44.794830321999996
1172,4.688,42.182800292000024
1173,4.692,39.40237426700003
1174,4.696,36.48239135699998
1175,4.7,33.45590209900001
1176,4.704,30.302429199000017
1177,4.708,26.975189208000018
1178,4.712,23.49786376899999
1179,4.716,19.92651367100001
1180,4.72,16.181793212000002
1181,4.724,12.397491455000022
1182,4.728,8.508972167000024
1183,4.732,4.555175781000003
1184,4.736,0.5151977529999954
1185,4.74,-3.5157165530000043
1186,4.744,-7.5727844240000195
1187,4.748,-11.693298340000013
1188,4.752,-15.863494873999969
1189,4.756,-20.06355285699999
1190,4.76,-24.190490722999982
1191,4.764,-28.233963012999993
1192,4.768,-32.20901489299999
1193,4.772,-36.14100647000001
1194,4.776,-39.94619750999999
1195,4.78,-43.752593994999984
1196,4.784,-47.49827575699999
1197,4.788,-51.22512817399999
1198,4.792,-54.87214660699999
1199,4.796,-58.457992553999986
1200,4.8,-61.936325073999996
1201,4.804,-65.29063415599998
1202,4.808,-68.517471314
1203,4.812,-71.604507447
1204,4.816,-74.55035400399998
1205,4.82,-77.403518677
1206,4.824,-80.14305114799998
1207,4.828,-82.730880738
1208,4.832,-85.22529602099999
1209,4.836,-87.57823181199998
1210,4.84,-89.76287841799999
1211,4.844,-91.78961181700001
1212,4.848,-93.66011047399999
1213,4.852,-95.325119019
1214,4.856,-96.94671630899998
1215,4.86,-98.673187256
1216,4.864,-100.245605469
1217,4.868,-101.53660583499999
1218,4.872,-102.535400391
1219,4.876,-103.25494384799998
1220,4.88,-103.714447022
1221,4.884,-103.96543884299999
1222,4.888,-104.02856445399999
1223,4.892,-103.996520997
1224,4.896,-103.879364014
1225,4.9,-103.54800415099999
1226,4.904,-103.00794983
1227,4.908,-102.24107360899998
1228,4.912,-101.30613708499999
1229,4.916,-100.22564697299998
1230,4.92,-98.958740235
1231,4.924,-97.629898072
1232,4.928,-96.275894166
1233,4.932,-94.89660644599999
1234,4.936,-93.49891662599998
1235,4.94,-91.991912842
1236,4.944,-90.31565856999998
1237,4.948,-88.518646241
1238,4.952,-86.62034606999998
1239,4.956,-84.68479919499998
1240,4.96,-82.60366821299999
1241,4.964,-80.208145142
1242,4.968,-77.51741027899999
1243,4.972,-74.62554931700001
1244,4.976,-71.56196594299999
1245,4.98,-68.32717895599998
1246,4.984,-64.88743591400001
1247,4.988,-61.29031372099999
1248,4.992,-57.56350708099998
1249,4.996,-53.668395997000005
1250,5.0,-49.688964844
1251,5.004,-45.592132569
1252,5.008,-41.40559387299999
1253,5.012,-37.168304444
1254,5.016,-32.870300292999985
1255,5.02,-28.51707458499999
1256,5.024,-24.127899170000006
1257,5.028,-19.760681153000007
1258,5.032,-15.414123535999977
1259,5.036,-11.119079590000013
1260,5.04,-6.822265625
1261,5.044,-2.549285888999975
1262,5.048,1.6853942870000083
1263,5.052,5.919921875
1264,5.056,10.278320312000005
1265,5.06,14.593475340999987
1266,5.064,18.556396484000004
1267,5.068,22.32281494099999
1268,5.072,25.914642333000018
1269,5.076,29.400695799999994
1270,5.08,32.787261962
1271,5.084,36.01727294900002
1272,5.088,39.01690673799999
1273,5.092,41.82955932599998
1274,5.096,44.576477049999994
1275,5.1,47.178497314000026
1276,5.104,49.590148924999994
1277,5.108,51.86920165999999
1278,5.112,53.96130370999998
1279,5.116,55.86724853499999
1280,5.12,57.576934814000026
1281,5.124,59.117950439000026
1282,5.128,60.49517822199999
1283,5.132,61.651184081999986
1284,5.136,62.28109741200001
1285,5.14,62.47402954099999
1286,5.144,62.58840942300003
1287,5.148,62.71044921800001
1288,5.152,62.90539550699998
1289,5.156,62.99664306599999
1290,5.16,63.04513549799998
1291,5.164,63.01419067300003
1292,5.168,62.96771240200002
1293,5.172,62.84786987299998
1294,5.176,62.693786621000015
1295,5.18,62.44708251899999
1296,5.184,62.05331420800002
1297,5.188,61.47839355399998
1298,5.192,60.5625
1299,5.196,59.444671630000016
1300,5.2,58.16174316400003
1301,5.204,56.73727416899999
1302,5.208,55.33276367100001
1303,5.212,53.8800354
1304,5.216,52.31231689399999
1305,5.22,50.67117309500003
1306,5.224,48.957519531
1307,5.228,47.12121582000003
1308,5.232,45.11126708900002
1309,5.236,43.00497436500001
1310,5.24,40.81277465800002
1311,5.244,38.45217895500002
1312,5.248,36.003448486000025
1313,5.252,33.40344238199998
1314,5.256,30.670593261000022
1315,5.26,27.902923583000018
1316,5.264,25.023925781000003
1317,5.268,21.975311278999982
1318,5.272,18.867156981999983
1319,5.276,15.679992674999994
1320,5.28,12.46536254800003
1321,5.284,9.08224487299998
1322,5.288,5.372955321999996
1323,5.292,1.6690368650000096
1324,5.296,-1.7854919440000003
1325,5.3,-5.101257325000006
1326,5.304,-8.36505126999998
1327,5.308,-11.541351319
1328,5.312,-14.588684082999976
1329,5.316,-17.458557128999985
1330,5.32,-20.238494873999997
1331,5.324,-22.806579589999984
1332,5.328,-25.206268311000002
1333,5.332,-27.487701416999982
1334,5.336,-29.670242309999992
1335,5.34,-31.73420715399999
1336,5.344,-33.769866944
1337,5.348,-35.72903442399999
1338,5.352,-37.60243225099998
1339,5.356,-39.41082763699998
1340,5.36,-41.16955566499999
1341,5.364,-42.838623047
1342,5.368,-44.43322753999999
1343,5.372,-45.962997436999984
1344,5.376,-47.441314697999985
1345,5.38,-48.87123108
1346,5.384,-50.265686036000005
1347,5.388,-51.57513427800001
1348,5.392,-52.81890869200001
1349,5.396,-54.03038025000001
1350,5.4,-55.200408936
1351,5.404,-56.321975708999986
1352,5.408,-57.426055908999984
1353,5.412,-58.48687744200001
1354,5.416,-59.51080322299998
1355,5.42,-60.511291503999985
1356,5.424,-61.45735168499999
1357,5.428,-62.382507325000006
1358,5.432,-63.271957397999984
1359,5.436,-64.12718200699999
1360,5.44,-64.92132568399998
1361,5.444,-65.71434020999999
1362,5.448,-66.506484986
1363,5.452,-67.20758056700001
1364,5.456,-67.91497802800001
1365,5.46,-68.61114501999998
1366,5.464,-69.253967286
1367,5.468,-69.8724823
1368,5.472,-70.50971984899999
1369,5.476,-71.125457764
1370,5.48,-71.716690064
1371,5.484,-72.28677368199999
1372,5.488,-72.847427369
1373,5.492,-73.38616943399998
1374,5.496,-73.946853638
1375,5.5,-74.47108459500001
1376,5.504,-74.983047486
1377,5.508,-75.49868774499998
1378,5.512,-76.006225586
1379,5.516,-76.49629211499999
1380,5.52,-76.99815368699998
1381,5.524,-77.472900391
1382,5.528,-77.957656861
1383,5.532,-78.43876648
1384,5.536,-78.911148072
1385,5.54,-79.36570739799998
1386,5.544,-79.855072022
1387,5.548,-80.23606872599998
1388,5.552,-80.662887574
1389,5.556,-81.07879638699998
1390,5.56,-81.47117614799998
1391,5.564,-81.80357360899998
1392,5.568,-82.13642883399999
1393,5.572,-82.46287536699998
1394,5.576,-82.724655152
1395,5.58,-82.96360778900001
1396,5.584,-83.157531739
1397,5.588,-83.326171875
1398,5.592,-83.482635499
1399,5.596,-83.604309083
1400,5.6,-83.655609131
1401,5.604,-83.73957824799999
1402,5.608,-83.771774292
1403,5.612,-83.82795715399999
1404,5.616,-83.833389283
1405,5.62,-83.80308532800001
1406,5.624,-83.816101075
1407,5.628,-83.86421203699999
1408,5.632,-83.869354249
1409,5.636,-83.87156677299998
1410,5.64,-83.880538941
1411,5.644,-83.88255310099998
1412,5.648,-83.91192626999998
1413,5.652,-83.91868591400001
1414,5.656,-83.921600342
1415,5.66,-83.921020508
1416,5.664,-83.947189332
1417,5.668,-83.94960022000001
1418,5.672,-83.94050598199999
1419,5.676,-83.94517517099999
1420,5.68,-83.92247009299999
1421,5.684,-83.876998902
1422,5.688,-83.80715942399999
1423,5.692,-83.73297119200001
1424,5.696,-83.642059327
1425,5.7,-83.49987793
1426,5.704,-83.33575439499998
1427,5.708,-83.13027954199998
1428,5.712,-82.894622803
1429,5.716,-82.636779786
1430,5.72,-82.34544372599998
1431,5.724,-82.001708985
1432,5.728,-81.591857911
1433,5.732,-81.152679444
1434,5.736,-80.689514161
1435,5.74,-80.19932556199998
1436,5.744,-79.686126709
1437,5.748,-79.140625
1438,5.752,-78.57933044499998
1439,5.756,-78.024505616
1440,5.76,-77.513763428
1441,5.764,-76.94917297399999
1442,5.768,-76.408172608
1443,5.772,-75.869354249
1444,5.776,-75.34309387299999
1445,5.78,-74.79190063499999
1446,5.784,-74.265716553
1447,5.788,-73.76472473199999
1448,5.792,-73.228881836
1449,5.796,-72.705001832
1450,5.8,-72.16394043
1451,5.804,-71.63786316
1452,5.808,-71.077072144
1453,5.812,-70.47584533699998
1454,5.816,-69.87779235899998
1455,5.82,-69.22821045
1456,5.824,-68.55305480999999
1457,5.828,-67.85293579199998
1458,5.832,-67.134246827
1459,5.836,-66.415695191
1460,5.84,-65.66482543999999
1461,5.844,-64.87855529799998
1462,5.848,-64.072692872
1463,5.852,-63.26585388199999
1464,5.856,-62.48207092299998
1465,5.86,-61.655197144
1466,5.864,-60.82791137699999
1467,5.868,-59.99700927800001
1468,5.872,-59.15701293999999
1469,5.876,-58.318206788
1470,5.88,-57.47244262699999
1471,5.884,-56.624938964999984
1472,5.888,-55.783630372000005
1473,5.892,-54.969024658999984
1474,5.896,-54.148239136
1475,5.9,-53.362304687999995
1476,5.904,-52.554763793999996
1477,5.908,-51.758514405
1478,5.912,-50.963668823999996
1479,5.916,-50.20806884799998
1480,5.92,-49.428268433
1481,5.924,-48.687408447999985
1482,5.928,-47.92706298900001
1483,5.932,-47.196380616
1484,5.936,-46.49183654799998
1485,5.94,-45.743148803999986
1486,5.944,-45.024383545000006
1487,5.948,-44.30627441499999
1488,5.952,-43.63191223199999
1489,5.956,-42.971328736000004
1490,5.96,-42.31549072299998
1491,5.964,-41.668502808
1492,5.968,-41.04437255899998
1493,5.972,-40.395996094
1494,5.976,-39.781326293999996
1495,5.98,-39.154342652
1496,5.984,-38.548873902
1497,5.988,-37.937713624
1498,5.992,-37.30113220300001
1499,5.996,-36.68751525900001
1500,6.0,-36.055465698999996
1501,6.004,-35.45509338400001
1502,6.008,-34.842224122000005
1503,6.012,-34.200912475999985
1504,6.016,-33.596038819
1505,6.02,-32.98773193399998
1506,6.024,-32.37710571299999
1507,6.028,-31.773178100999985
1508,6.032,-31.18199157800001
1509,6.036,-30.61558532800001
1510,6.04,-30.04119873100001
1511,6.044,-29.467300416
1512,6.048,-28.88829040599998
1513,6.052,-28.321243286999987
1514,6.056,-27.760330200999988
1515,6.06,-27.188476562999995
1516,6.064,-26.631164550999983
1517,6.068,-26.066680908999984
1518,6.072,-25.511672973999993
1519,6.076,-24.923431397
1520,6.08,-24.363708497000005
1521,6.084,-23.804748536000005
1522,6.088,-23.219512939999987
1523,6.092,-22.65943908699998
1524,6.096,-22.085327148999994
1525,6.1,-21.511642456999994
1526,6.104,-20.95452880899998
1527,6.108,-20.408843994999984
1528,6.112,-19.844680786999987
1529,6.116,-19.285797119999984
1530,6.12,-18.760955811000002
1531,6.124,-18.225784301999994
1532,6.128,-17.72366333100001
1533,6.132,-17.24005126999998
1534,6.136,-16.83078002999997
1535,6.14,-16.429626465000013
1536,6.144,-16.07366943400001
1537,6.148,-15.788665772000002
1538,6.152,-15.530212403000007
1539,6.156,-15.336120606000009
1540,6.16,-15.176239013999975
1541,6.164,-15.038116456000012
1542,6.168,-14.93927001999998
1543,6.172,-14.786773681999989
1544,6.176,-14.666748046999999
1545,6.18,-14.548461915000019
1546,6.184,-14.423675537999998
1547,6.188,-14.29440307699997
1548,6.192,-14.17468261800002
1549,6.196,-14.040710450000006
1550,6.2,-13.906616210999971
1551,6.204,-13.764465332999976
1552,6.208,-13.617675781999992
1553,6.212,-13.478057862000014
1554,6.216,-13.342407226999967
1555,6.22,-13.183502197999985
1556,6.224,-13.055877685999974
1557,6.228,-12.959960937999995
1558,6.232,-12.864807128999985
1559,6.236,-12.785064697999985
1560,6.24,-12.69317626999998
1561,6.244,-12.630859375
1562,6.248,-12.61273193400001
1563,6.252,-12.609069825000006
1564,6.256,-12.597290040000019
1565,6.26,-12.631500244999984
1566,6.264,-12.66320800799997
1567,6.268,-12.73028564499998
1568,6.272,-12.783782959000007
1569,6.276,-12.861968994999984
1570,6.28,-12.942230225000003
1571,6.284,-13.015167237000014
1572,6.288,-13.110931397000002
1573,6.292,-13.178375244999984
1574,6.296,-13.223693847999982
1575,6.3,-13.323089600000003
1576,6.304,-13.398345947999985
1577,6.308,-13.434631347999982
1578,6.312,-13.498016357999973
1579,6.316,-13.563293457999976
1580,6.32,-13.569030762000011
1581,6.324,-13.586669921999999
1582,6.328,-13.58682250999999
1583,6.332,-13.600097656999992
1584,6.336,-13.582397460999971
1585,6.34,-13.530822753999985
1586,6.344,-13.49786376999998
1587,6.348,-13.432708740999999
1588,6.352,-13.374084472999982
1589,6.356,-13.344940185999974
1590,6.36,-13.270477294999978
1591,6.364,-13.193023681999989
1592,6.368,-13.110504150999986
1593,6.372,-13.033355712999992
1594,6.376,-12.964416503999985
1595,6.38,-12.876647950000006
1596,6.384,-12.796112060999974
1597,6.388,-12.683319091999977
1598,6.392,-12.611511231000009
1599,6.396,-12.505889893000017
1600,6.4,-12.374053956000012
1601,6.404,-12.233886718999997
1602,6.408,-12.132202149000022
1603,6.412,-11.980834960999971
1604,6.416,-11.854095459000007
1605,6.42,-11.699951171999999
1606,6.424,-11.531463623999969
1607,6.428,-11.396575928000004
1608,6.432,-11.218292237000014
1609,6.436,-11.04937744199998
1610,6.44,-10.864990234999993
1611,6.444,-10.68444824300002
1612,6.448,-10.510345459000007
1613,6.452,-10.316528321000021
1614,6.456,-10.142791748999969
1615,6.46,-10.005828857999973
1616,6.464,-9.831115722999982
1617,6.468,-9.655914306999989
1618,6.472,-9.501831054999968
1619,6.476,-9.376831054999968
1620,6.48,-9.244384765999996
1621,6.484,-9.086517334000007
1622,6.488,-8.970062256000006
1623,6.492,-8.838531494999984
1624,6.496,-8.724182128999985
1625,6.5,-8.596008300999983
1626,6.504,-8.477630615999999
1627,6.508,-8.397460937999995
1628,6.512,-8.299468994999984
1629,6.516,-8.226806640999996
1630,6.52,-8.124725341999977
1631,6.524,-8.051818847999982
1632,6.528,-7.9851684579999755
1633,6.532,-7.936157226999967
1634,6.536,-7.896331787999998
1635,6.54,-7.857818603999988
1636,6.544,-7.823486328999991
1637,6.548,-7.786315918000014
1638,6.552,-7.76898193400001
1639,6.556,-7.733398437999995
1640,6.56,-7.7175903329999755
1641,6.564,-7.72351074300002
1642,6.568,-7.703857421999999
1643,6.572,-7.701538085999971
1644,6.576,-7.744110107999973
1645,6.58,-7.754577637000011
1646,6.584,-7.773559571000021
1647,6.588,-7.8013000490000195
1648,6.592,-7.814788819
1649,6.596,-7.8850708009999835
1650,6.6,-7.921203613999978
1651,6.604,-7.953002929999968
1652,6.608,-8.012725831000012
1653,6.612,-8.080993653000007
1654,6.616,-8.138916015999996
1655,6.62,-8.216369628999985
1656,6.624,-8.300354003999985
1657,6.628,-8.417053222999982
1658,6.632,-8.508026123999969
1659,6.636,-8.588684082999976
1660,6.64,-8.699493409000013
1661,6.644,-8.795715332999976
1662,6.648,-8.91015625
1663,6.652,-9.031158447999985
1664,6.656,-9.161163331000012
1665,6.66,-9.284545899000022
1666,6.664,-9.40713500999999
1667,6.668,-9.544006347999982
1668,6.672,-9.686859131000006
1669,6.676,-9.830657959000007
1670,6.68,-9.979095459000007
1671,6.684,-10.102508544999978
1672,6.688,-10.239349365999999
1673,6.692,-10.396606446000021
1674,6.696,-10.523468018000017
1675,6.7,-10.65213012700002
1676,6.704,-10.782775878999985
1677,6.708,-10.932769775999986
1678,6.712,-11.046875
1679,6.716,-11.16528320399999
1680,6.72,-11.294342041999982
1681,6.724,-11.412811279999971
1682,6.728,-11.533599853999988
1683,6.732,-11.656646728999988
1684,6.736,-11.764343262000011
1685,6.74,-11.874938965000013
1686,6.744,-11.972259522000002
1687,6.748,-12.051483154999971
1688,6.752,-12.110015869999984
1689,6.756,-12.208007812999995
1690,6.76,-12.287506103999988
1691,6.764,-12.35794067400002
1692,6.768,-12.435699462999992
1693,6.772,-12.522247315000016
1694,6.776,-12.55969238299997
1695,6.78,-12.629516601999967
1696,6.784,-12.66970825200002
1697,6.788,-12.725036622000005
1698,6.792,-12.784790040000019
1699,6.796,-12.814178466999977
1700,6.8,-12.876861572999985
1701,6.804,-12.892120362000014
1702,6.808,-12.917907715000013
1703,6.812,-12.970581054999968
1704,6.816,-12.977752685999974
1705,6.82,-13.033325196000021
1706,6.824,-13.053680419999978
1707,6.828,-13.084136962999992
1708,6.832,-13.12088012700002
1709,6.836,-13.151153565000016
1710,6.84,-13.182830810999974
1711,6.844,-13.194732666999982
1712,6.848,-13.293884278000007
1713,6.852,-13.344543457999976
1714,6.856,-13.410614013999975
1715,6.86,-13.468902587999992
1716,6.864,-13.549255372000005
1717,6.868,-13.615936279999971
1718,6.872,-13.679656982999973
1719,6.876,-13.745422363999978
1720,6.88,-13.846954346000018
1721,6.884,-13.962585450000006
1722,6.888,-14.052459716999977
1723,6.892,-14.15539550799997
1724,6.896,-14.272125244999984
1725,6.9,-14.373962403000007
1726,6.904,-14.423675537999998
1727,6.908,-14.533264160999977
1728,6.912,-14.644439697999985
1729,6.916,-14.754333497000005
1730,6.92,-14.874511718999997
1731,6.924,-14.971160888999975
1732,6.928,-15.101989747000005
1733,6.932,-15.183197022000002
1734,6.936,-15.290557862000014
1735,6.94,-15.39627075200002
1736,6.944,-15.49661254900002
1737,6.948,-15.604187012000011
1738,6.952,-15.714538575000006
1739,6.956,-15.805297851999967
1740,6.96,-15.920989990999999
1741,6.964,-16.005828857999973
1742,6.968,-16.122589112000014
1743,6.972,-16.261413575000006
1744,6.976,-16.364654541999982
1745,6.98,-16.47265625
1746,6.984,-16.600250244999984
1747,6.988,-16.726623535999977
1748,6.992,-16.82794189499998
1749,6.996,-16.968170166999982
1750,7.0,-17.11077880900001
1751,7.004,-17.22528076200001
1752,7.008,-17.326965332999976
1753,7.012,-17.436737060999974
1754,7.016,-17.55200195399999
1755,7.02,-17.66137695399999
1756,7.024,-17.784179687999995
1757,7.028,-17.883255004999995
1758,7.032,-17.9921875
1759,7.036,-18.085449218999997
1760,7.04,-18.202651978000006
1761,7.044,-18.308273315999998
1762,7.048,-18.411453247999987
1763,7.052,-18.50265503
1764,7.056,-18.556732178000004
1765,7.06,-18.598297119999984
1766,7.064,-18.6302948
1767,7.068,-18.650817872000005
1768,7.072,-18.702697753999985
1769,7.076,-18.751541137999993
1770,7.08,-18.748519897999984
1771,7.084,-18.777709961
1772,7.088,-18.796096801999994
1773,7.092,-18.836425781999992
1774,7.096,-18.849288940999998
1775,7.1,-18.899627686000002
1776,7.104,-18.99058532800001
1777,7.108,-19.065078736000004
1778,7.112,-19.16355895999999
1779,7.116,-19.256820678999986
1780,7.12,-19.356643676999994
1781,7.124,-19.486831666
1782,7.128,-19.58416748100001
1783,7.132,-19.73191833499999
1784,7.136,-19.86521911699998
1785,7.14,-20.023757934999992
1786,7.144,-20.194839478000006
1787,7.148,-20.362304687999995
1788,7.152,-20.561340333000004
1789,7.156,-20.792022705999983
1790,7.16,-21.003021241
1791,7.164,-21.256454467999987
1792,7.168,-21.533111572999985
1793,7.172,-21.79083251999998
1794,7.176,-22.057556153000007
1795,7.18,-22.321395875000007
1796,7.184,-22.54772949299999
1797,7.188,-22.77395629899999
1798,7.192,-23.002792358999983
1799,7.196,-23.18910217299998
1800,7.2,-23.370269775999986
1801,7.204,-23.565567017000006
1802,7.208,-23.71836853099998
1803,7.212,-23.860137939999987
1804,7.216,-24.047866822000003
1805,7.22,-24.184753417999985
1806,7.224,-24.315048217999987
1807,7.228,-24.47279358
1808,7.232,-24.610443116
1809,7.236,-24.724700928000004
1810,7.24,-24.868255616
1811,7.244,-24.953674317000008
1812,7.248,-25.073608398999994
1813,7.252,-25.173080444999982
1814,7.256,-25.249420166999982
1815,7.26,-25.34588623100001
1816,7.264,-25.411071778000007
1817,7.268,-25.448089600000003
1818,7.272,-25.546020507999998
1819,7.276,-25.620849609999993
1820,7.28,-25.62710571299999
1821,7.284,-25.672348022999984
1822,7.288,-25.723327636999983
1823,7.292,-25.77078247099999
1824,7.296,-25.803924561000002
1825,7.3,-25.851928711
1826,7.304,-25.893371583000004
1827,7.308,-25.956588745999994
1828,7.312,-26.01257324299999
1829,7.316,-26.059936523999994
1830,7.32,-26.14630126999998
1831,7.324,-26.23364257899999
1832,7.328,-26.30787658699998
1833,7.332,-26.396362304999997
1834,7.336,-26.505737304999997
1835,7.34,-26.634475708999986
1836,7.344,-26.749145507999998
1837,7.348,-26.862197875999982
1838,7.352,-26.95187378
1839,7.356,-27.071868897
1840,7.36,-27.189376831999994
1841,7.364,-27.28692626999998
1842,7.368,-27.411056519
1843,7.372,-27.553176879999995
1844,7.376,-27.679412842000005
1845,7.38,-27.794479370999994
1846,7.384,-27.90945434599999
1847,7.388,-27.994186401999997
1848,7.392,-28.061508178999986
1849,7.396,-28.147918702
1850,7.4,-28.255935668999996
1851,7.404,-28.337677001999992
1852,7.408,-28.397247314999987
1853,7.412,-28.480850220000008
1854,7.416,-28.54315185600001
1855,7.42,-28.59199523999999
1856,7.424,-28.641555786999987
1857,7.428,-28.711517334000007
1858,7.432,-28.784194947000003
1859,7.436,-28.845306397
1860,7.44,-28.895294189999987
1861,7.444,-28.957855225000003
1862,7.448,-29.036895751999992
1863,7.452,-29.098205567000008
1864,7.456,-29.154067994000002
1865,7.46,-29.237106323999996
1866,7.464,-29.307128906999992
1867,7.468,-29.381149292000003
1868,7.472,-29.470840455
1869,7.476,-29.531539917000003
1870,7.48,-29.586578369999984
1871,7.484,-29.654968261999983
1872,7.488,-29.723403931000007
1873,7.492,-29.80203247099999
1874,7.496,-29.838684083000004
1875,7.5,-29.933868408999984
1876,7.504,-29.992065429999997
1877,7.508,-30.075180053999986
1878,7.512,-30.15965270999999
1879,7.516,-30.217407226999995
1880,7.52,-30.257202148999994
1881,7.524,-30.32212829599999
1882,7.528,-30.379974366
1883,7.532,-30.440017700999988
1884,7.536,-30.481613159999995
1885,7.54,-30.525711059999992
1886,7.544,-30.545867920000006
1887,7.548,-30.613082886
1888,7.552,-30.649017334000007
1889,7.556,-30.673934936999984
1890,7.56,-30.710250854999998
1891,7.564,-30.72674560600001
1892,7.568,-30.765991211
1893,7.572,-30.805068970000008
1894,7.576,-30.811752319999982
1895,7.58,-30.847732543999996
1896,7.584,-30.889419556000007
1897,7.588,-30.932556153000007
1898,7.592,-30.965621948999996
1899,7.596,-30.991607666999982
1900,7.6,-31.013519287999998
1901,7.604,-31.042709350999985
1902,7.608,-31.072387695999993
1903,7.612,-31.110504150999986
1904,7.616,-31.113845825999988
1905,7.62,-31.147750854999998
1906,7.624,-31.18769836499999
1907,7.628,-31.20649719299999
1908,7.632,-31.234878541
1909,7.636,-31.280944825000006
1910,7.64,-31.287857056000007
1911,7.644,-31.28265380899998
1912,7.648,-31.30554199299999
1913,7.652,-31.334457397999984
1914,7.656,-31.343536376999992
1915,7.66,-31.354446411999987
1916,7.664,-31.367141723999993
1917,7.668,-31.364379882999998
1918,7.672,-31.400695800999983
1919,7.676,-31.411788940999998
1920,7.68,-31.41921997099999
1921,7.684,-31.445816041
1922,7.688,-31.476669311999984
1923,7.692,-31.493499756000006
1924,7.696,-31.511993408999984
1925,7.7,-31.598281861000004
1926,7.704,-31.62783813499999
1927,7.708,-31.70437622099999
1928,7.712,-31.782012939999987
1929,7.716,-31.860275269
1930,7.72,-31.935516358
1931,7.724,-32.03192138699998
1932,7.728,-32.115661622000005
1933,7.732,-32.187561036000005
1934,7.736,-32.27969360399999
1935,7.74,-32.384490967000005
1936,7.744,-32.44656372099999
1937,7.748,-32.56500244200001
1938,7.752,-32.671966553000004
1939,7.756,-32.768051147999984
1940,7.76,-32.88584900000001
1941,7.764,-32.97119140699999
1942,7.768,-33.093673706999994
1943,7.772,-33.204635620999994
1944,7.776,-33.326904297
1945,7.78,-33.425582886
1946,7.784,-33.58499145599998
1947,7.788,-33.69354248100001
1948,7.792,-33.837127686
1949,7.796,-33.983947753999985
1950,7.8,-34.104705811
1951,7.804,-34.243850708999986
1952,7.808,-34.407440186
1953,7.812,-34.558395386
1954,7.816,-34.691772461
1955,7.82,-34.836044311999984
1956,7.824,-34.986297608
1957,7.828,-35.12306213400001
1958,7.832,-35.27595520099999
1959,7.836,-35.440093994999984
1960,7.84,-35.574829101999995
1961,7.844,-35.75015258799999
1962,7.848,-35.885879517000006
1963,7.852,-36.06440734899999
1964,7.856,-36.25173950199999
1965,7.86,-36.44104003999999
1966,7.864,-36.609283447999985
1967,7.868,-36.80403137299999
1968,7.872,-36.99859619200001
1969,7.876,-37.16123962500001
1970,7.88,-37.370498658
1971,7.884,-37.542373658
1972,7.888,-37.713912964
1973,7.892,-37.879974366
1974,7.896,-38.03712463400001
1975,7.9,-38.213317872000005
1976,7.904,-38.359268189000005
1977,7.908,-38.53396606499999
1978,7.912,-38.694885253999985
1979,7.916,-38.84072875999999
1980,7.92,-39.00369262699999
1981,7.924,-39.149139405
1982,7.928,-39.263946533999984
1983,7.932,-39.40196228099998
1984,7.936,-39.541458129999995
1985,7.94,-39.645599366
1986,7.944,-39.77235412599998
1987,7.948,-39.867996215999995
1988,7.952,-39.96507263199999
1989,7.956,-40.042083741
1990,7.96,-40.10621643100001
1991,7.964,-40.19944763199999
1992,7.968,-40.28833007899999
1993,7.972,-40.34683227599999
1994,7.976,-40.410964965999995
1995,7.98,-40.44827270599998
1996,7.984,-40.492980958000004
1997,7.988,-40.570556640999996
1998,7.992,-40.600112916
1999,7.996,-40.64358520599998
2000,8.0,-40.684738159999995
2001,8.004,-40.727508545000006
2002,8.008,-40.75279235899998
2003,8.012,-40.78921508799999
2004,8.016,-40.80036926299999
2005,8.02,-40.822708129999995
2006,8.024,-40.84284973199999
2007,8.028,-40.85992431700001
2008,8.032,-40.86172485399999
2009,8.036,-40.87605285699999
2010,8.04,-40.890716553000004
2011,8.044,-40.886322022
2012,8.048,-40.910568237999996
2013,8.052,-40.91641235399999
2014,8.056,-40.904571533999984
2015,8.06,-40.908676147999984
2016,8.064,-40.91314697299998
2017,8.068,-40.90701293999999
2018,8.072,-40.90574645999999
2019,8.076,-40.909835816
2020,8.08,-40.88153076199998
2021,8.084,-40.91371154799998
2022,8.088,-40.936706542999985
2023,8.092,-40.97869873100001
2024,8.096,-40.982482911000005
2025,8.1,-40.984100342000005
2026,8.104,-41.01014709500001
2027,8.108,-41.015686036000005
2028,8.112,-40.993652344
2029,8.116,-40.99163818399998
2030,8.12,-40.974121094
2031,8.124,-40.942901611999986
2032,8.128,-40.912841797
2033,8.132,-40.87387085
2034,8.136,-40.86209106499999
2035,8.14,-40.804626464999984
2036,8.144,-40.80747985899998
2037,8.148,-40.782226562999995
2038,8.152,-40.74856567399999
2039,8.156,-40.723983764999986
2040,8.16,-40.70083618199999
2041,8.164,-40.671569825000006
2042,8.168,-40.64166259799998
2043,8.172,-40.63568115300001
2044,8.176,-40.579879761
2045,8.18,-40.539001464999984
2046,8.184,-40.51069641199999
2047,8.188,-40.452682495999994
2048,8.192,-40.40887451199998
2049,8.196,-40.368713378999985
2050,8.2,-40.30639648499999
2051,8.204,-40.269973754999995
2052,8.208,-40.223846436
2053,8.212,-40.18629455600001
2054,8.216,-40.120773316
2055,8.22,-40.100921631000006
2056,8.224,-40.07496643100001
2057,8.228,-40.010025025000004
2058,8.232,-39.967330933
2059,8.236,-39.91632080099998
2060,8.24,-39.883026124
2061,8.244,-39.851165772
2062,8.248,-39.82452392599998
2063,8.252,-39.78106689499998
2064,8.256,-39.75161743199999
2065,8.26,-39.71499633799999
2066,8.264,-39.66819763199999
2067,8.268,-39.65997314499998
2068,8.272,-39.64859008799999
2069,8.276,-39.62878418
2070,8.28,-39.613357543999996
2071,8.284,-39.60633850099998
2072,8.288,-39.59637451199998
2073,8.292,-39.612503051999994
2074,8.296,-39.597137452
2075,8.3,-39.599502564000005
2076,8.304,-39.601821900000004
2077,8.308,-39.602508545000006
2078,8.312,-39.613983155
2079,8.316,-39.611801147999984
2080,8.32,-39.617279053000004
2081,8.324,-39.61065673900001
2082,8.328,-39.616226197
2083,8.332,-39.603042603000006
2084,8.336,-39.610931397
2085,8.34,-39.60845947299998
2086,8.344,-39.610900878999985
2087,8.348,-39.598449708000004
2088,8.352,-39.59124755899998
2089,8.356,-39.55718994200001
2090,8.36,-39.55845642099999
2091,8.364,-39.54450988799999
2092,8.368,-39.503646850999985
2093,8.372,-39.474670411000005
2094,8.376,-39.466857911000005
2095,8.38,-39.45008850099998
2096,8.384,-39.426025390999996
2097,8.388,-39.38227844299999
2098,8.392,-39.34500122099999
2099,8.396,-39.33120727599999
2100,8.4,-39.284637452
2101,8.404,-39.26118469299999
2102,8.408,-39.19885253999999
2103,8.412,-39.156021119
2104,8.416,-39.12014770599998
2105,8.42,-39.07478332599999
2106,8.424,-39.029037475999985
2107,8.428,-38.969116211
2108,8.432,-38.91156005899998
2109,8.436,-38.83486938499999
2110,8.44,-38.792877197999985
2111,8.444,-38.734848022999984
2112,8.448,-38.682098389000004
2113,8.452,-38.63674926799999
2114,8.456,-38.56040954599999
2115,8.46,-38.518478394
2116,8.464,-38.447067261
2117,8.468,-38.39253234899999
2118,8.472,-38.327484131000006
2119,8.476,-38.25352478099998
2120,8.48,-38.215545655
2121,8.484,-38.148849487999996
2122,8.488,-38.105178833999986
2123,8.492,-38.061203003
2124,8.496,-37.996063233
2125,8.5,-37.94978332599999
2126,8.504,-37.91656494200001
2127,8.508,-37.87727355999999
2128,8.512,-37.83323669499998
2129,8.516,-37.820404053000004
2130,8.52,-37.77467346199998
2131,8.524,-37.752212525000004
2132,8.528,-37.72386169499998
2133,8.532,-37.701904297
2134,8.536,-37.66333007899999
2135,8.54,-37.642288208999986
2136,8.544,-37.62214660699999
2137,8.548,-37.587814331999994
2138,8.552,-37.579269409999995
2139,8.556,-37.551971436
2140,8.56,-37.555160522999984
2141,8.564,-37.542160034999995
2142,8.568,-37.491546631000006
2143,8.572,-37.485702514999986
2144,8.576,-37.481246948999996
2145,8.58,-37.45503234899999
2146,8.584,-37.46658325199999
2147,8.588,-37.459152222
2148,8.592,-37.44004821799999
2149,8.596,-37.424453736000004
2150,8.6,-37.417495728000006
2151,8.604,-37.41819763199999
2152,8.608,-37.40701293999999
2153,8.612,-37.39317321799999
2154,8.616,-37.405731202
2155,8.62,-37.42431640699999
2156,8.624,-37.420196533999984
2157,8.628,-37.405364991
2158,8.632,-37.402557374
2159,8.636,-37.406143189000005
2160,8.64,-37.388671875
2161,8.644,-37.39808654799998
2162,8.648,-37.409225464
2163,8.652,-37.42512512299999
2164,8.656,-37.427124023999994
2165,8.66,-37.41192626999998
2166,8.664,-37.440887452
2167,8.668,-37.43389892599998
2168,8.672,-37.42947387699999
2169,8.676,-37.448745728000006
2170,8.68,-37.463699340999995
2171,8.684,-37.478805542
2172,8.688,-37.46124267599998
2173,8.692,-37.474884033999984
2174,8.696,-37.49009704599999
2175,8.7,-37.50634765699999
2176,8.704,-37.52188110399999
2177,8.708,-37.515563964999984
2178,8.712,-37.528457642000006
2179,8.716,-37.528701783
2180,8.72,-37.529098511
2181,8.724,-37.53643798900001
2182,8.728,-37.56077575699999
2183,8.732,-37.56475830099998
2184,8.736,-37.548995972
2185,8.74,-37.553009033999984
2186,8.744,-37.54878234899999
2187,8.748,-37.54779052800001
2188,8.752,-37.54632568399998
2189,8.756,-37.53404235899998
2190,8.76,-37.519042969
2191,8.764,-37.518692017000006
2192,8.768,-37.51968383799999
2193,8.772,-37.504196167
2194,8.776,-37.492446900000004
2195,8.78,-37.468643189000005
2196,8.784,-37.459426879999995
2197,8.788,-37.432800292999985
2198,8.792,-37.399765014999986
2199,8.796,-37.40559387299999
2200,8.8,-37.39614868199999
2201,8.804,-37.385498047
2202,8.808,-37.37217712500001
2203,8.812,-37.34741210999999
2204,8.816,-37.31724548399998
2205,8.82,-37.30480957099999
2206,8.824,-37.27203369200001
2207,8.828,-37.26770019599999
2208,8.832,-37.238693237999996
2209,8.836,-37.222335816
2210,8.84,-37.178848267000006
2211,8.844,-37.14686584500001
2212,8.848,-37.149383545000006
2213,8.852,-37.13621520999999
2214,8.856,-37.11189270099999
2215,8.86,-37.091308594
2216,8.864,-37.091323853000006
2217,8.868,-37.073333741
2218,8.872,-37.05554199299999
2219,8.876,-37.035202027
2220,8.88,-37.044326783
2221,8.884,-37.023239136
2222,8.888,-37.040008545000006
2223,8.892,-37.04844665599998
2224,8.896,-37.02308654799998
2225,8.9,-37.03787231499999
2226,8.904,-37.03335571299999
2227,8.908,-37.051589965999995
2228,8.912,-37.02967834500001
2229,8.916,-37.027587890999996
2230,8.92,-37.015960694
2231,8.924,-37.042892456999994
2232,8.928,-37.048538208999986
2233,8.932,-37.04438781799999
2234,8.936,-37.055145264000004
2235,8.94,-37.065414428999986
2236,8.944,-37.07135009799998
2237,8.948,-37.075897217000005
2238,8.952,-37.092987061
2239,8.956,-37.10264587500001
2240,8.96,-37.10562133799999
2241,8.964,-37.124008178999986
2242,8.968,-37.136123658
2243,8.972,-37.14660644599999
2244,8.976,-37.164337158999984
2245,8.98,-37.159713745999994
2246,8.984,-37.171722413
2247,8.988,-37.17759704599999
2248,8.992,-37.154357911000005
2249,8.996,-37.185791015999996
2250,9.0,-37.176284791
2251,9.004,-37.194503784999995
2252,9.008,-37.18057250999999
2253,9.012,-37.180053711
2254,9.016,-37.182586670000006
2255,9.02,-37.18530273499999
2256,9.024,-37.175186158
2257,9.028,-37.182815551999994
2258,9.032,-37.17474365300001
2259,9.036,-37.164169311999984
2260,9.04,-37.141799926999994
2261,9.044,-37.12458801299999
2262,9.048,-37.111099244
2263,9.052,-37.10301208499999
2264,9.056,-37.098632812999995
2265,9.06,-37.09144592299998
2266,9.064,-37.080245972
2267,9.068,-37.04954528900001
2268,9.072,-37.01312255899998
2269,9.076,-36.97215270999999
2270,9.08,-36.95632934599999
2271,9.084,-36.931549072999985
2272,9.088,-36.929244995999994
2273,9.092,-36.883453369999984
2274,9.096,-36.860153198999996
2275,9.1,-36.830368042
2276,9.104,-36.82507324299999
2277,9.108,-36.80220031799999
2278,9.112,-36.80647277899999
2279,9.116,-36.757522583999986
2280,9.12,-36.75445556700001
2281,9.124,-36.735549926999994
2282,9.128,-36.732330322999985
2283,9.132,-36.706054687999995
2284,9.136,-36.695083619
2285,9.14,-36.67245483400001
2286,9.144,-36.65124511799999
2287,9.148,-36.64399719299999
2288,9.152,-36.626831055
2289,9.156,-36.612060547
2290,9.16,-36.58892822299998
2291,9.164,-36.5859375
2292,9.168,-36.601486206999994
2293,9.172,-36.56494140699999
2294,9.176,-36.56146240300001
2295,9.18,-36.578750611000004
2296,9.184,-36.59111023
2297,9.188,-36.56678772000001
2298,9.192,-36.55987548900001
2299,9.196,-36.57347106999998
2300,9.2,-36.58819580099998
2301,9.204,-36.606109619999984
2302,9.208,-36.60900878999999
2303,9.212,-36.611404418999996
2304,9.216,-36.61546325699999
2305,9.22,-36.618515014999986
2306,9.224,-36.628799439000005
2307,9.228,-36.624969483
2308,9.232,-36.622283936
2309,9.236,-36.63488769599999
2310,9.24,-36.63613891699998
2311,9.244,-36.648696900000004
2312,9.248,-36.656982422
2313,9.252,-36.655990600999985
2314,9.256,-36.66407775900001
2315,9.26,-36.666488647999984
2316,9.264,-36.674468994999984
2317,9.268,-36.687057495999994
2318,9.272,-36.68304443399998
2319,9.276,-36.69766235399999
2320,9.28,-36.69866943399998
2321,9.284,-36.710327148999994
2322,9.288,-36.73382568399998
2323,9.292,-36.742095947999985
2324,9.296,-36.745117187999995
2325,9.3,-36.751632691
2326,9.304,-36.760787964
2327,9.308,-36.784561158
2328,9.312,-36.757186889999986
2329,9.316,-36.772460937999995
2330,9.32,-36.787109375
2331,9.324,-36.795913697
2332,9.328,-36.803359986000004
2333,9.332,-36.815261840999995
2334,9.336,-36.829116822
2335,9.34,-36.837280273999994
2336,9.344,-36.85174560600001
2337,9.348,-36.86499023499999
2338,9.352,-36.86415100099998
2339,9.356,-36.87249755899998
2340,9.36,-36.884490967000005
2341,9.364,-36.910232543999996
2342,9.368,-36.91172790599998
2343,9.372,-36.90762329199998
2344,9.376,-36.91511535699999
2345,9.38,-36.920822144
2346,9.384,-36.92556762699999
2347,9.388,-36.939361572999985
2348,9.392,-36.91603088400001
2349,9.396,-36.91738891699998
2350,9.4,-36.923400878999985
2351,9.404,-36.92988586499999
2352,9.408,-36.94532775900001
2353,9.412,-36.95327758799999
2354,9.416,-36.92309570399999
2355,9.42,-36.944458008
2356,9.424,-36.952331542999985
2357,9.428,-36.95208740300001
2358,9.432,-36.95095825199999
2359,9.436,-36.947357178000004
2360,9.44,-36.947708129999995
2361,9.444,-36.952835083999986
2362,9.448,-36.94427490300001
2363,9.452,-36.94444275000001
2364,9.456,-36.95030212500001
2365,9.46,-36.974746705
2366,9.464,-36.933135986999986
2367,9.468,-36.944137573999996
2368,9.472,-36.94195556700001
2369,9.476,-36.944091797
2370,9.48,-36.94406128
2371,9.484,-36.96218872099999
2372,9.488,-36.96540832599999
2373,9.492,-36.95240783699998
2374,9.496,-36.954788208999986
2375,9.5,-36.965576172
2376,9.504,-36.97520446799999
2377,9.508,-36.97088623100001
2378,9.512,-36.981582642000006
2379,9.516,-36.989624023999994
2380,9.52,-36.99053955099998
2381,9.524,-37.00051879899999
2382,9.528,-37.003601075000006
2383,9.532,-36.99183654799998
2384,9.536,-37.013381958999986
2385,9.54,-37.02151489299999
2386,9.544,-37.027145386
2387,9.548,-37.04824829199998
2388,9.552,-37.04846191499999
2389,9.556,-37.04260253999999
2390,9.56,-37.044647217000005
2391,9.564,-37.060623168999996
2392,9.568,-37.048522950000006
2393,9.572,-37.075027465999995
2394,9.576,-37.076049805
2395,9.58,-37.098281861000004
2396,9.584,-37.11058044499998
2397,9.588,-37.127914428999986
2398,9.592,-37.165786744
2399,9.596,-37.161499023999994
2400,9.6,-37.172409058
2401,9.604,-37.17259216400001
2402,9.608,-37.17422485399999
2403,9.612,-37.207305908999984
2404,9.616,-37.222900390999996
2405,9.62,-37.246368408999984
2406,9.624,-37.22288513199999
2407,9.628,-37.25926208499999
2408,9.632,-37.251693725999985
2409,9.636,-37.274627686
2410,9.64,-37.280487061
2411,9.644,-37.30235290599998
2412,9.648,-37.306900025000004
2413,9.652,-37.33201599199998
2414,9.656,-37.343963624
2415,9.66,-37.340316772999984
2416,9.664,-37.38134765699999
2417,9.668,-37.39610290599998
2418,9.672,-37.405456542999985
2419,9.676,-37.431533814000005
2420,9.68,-37.439987183
2421,9.684,-37.45080566499999
2422,9.688,-37.468795777
2423,9.692,-37.491714478000006
2424,9.696,-37.514297486000004
2425,9.7,-37.51416015699999
2426,9.704,-37.541961670000006
2427,9.708,-37.56565856999998
2428,9.712,-37.601928711
2429,9.716,-37.58950805699999
2430,9.72,-37.599670411000005
2431,9.724,-37.631149292
2432,9.728,-37.654266358
2433,9.732,-37.678268433
2434,9.736,-37.684005737999996
2435,9.74,-37.699264527
2436,9.744,-37.727264405
2437,9.748,-37.762496948999996
2438,9.752,-37.78230285699999
2439,9.756,-37.81301879899999
2440,9.76,-37.81762695399999
2441,9.764,-37.86245727599999
2442,9.768,-37.893524170000006
2443,9.772,-37.91160583499999
2444,9.776,-37.947692872000005
2445,9.78,-37.97056579599999
2446,9.784,-37.998321533999984
2447,9.788,-38.02232360899998
2448,9.792,-38.058334350999985
2449,9.796,-38.08555603099998
2450,9.8,-38.113723754999995
2451,9.804,-38.13293457099999
2452,9.808,-38.17654418999999
2453,9.812,-38.207656861000004
2454,9.816,-38.220382691
2455,9.82,-38.24311828699999
2456,9.824,-38.262496948999996
2457,9.828,-38.29312133799999
2458,9.832,-38.307144166
2459,9.836,-38.345809936999984
2460,9.84,-38.369750976999995
2461,9.844,-38.37750244200001
2462,9.848,-38.42663574299999
2463,9.852,-38.43788147000001
2464,9.856,-38.46484375
2465,9.86,-38.50820922899999
2466,9.864,-38.52827453699999
2467,9.868,-38.565078736000004
2468,9.872,-38.58271789599999
2469,9.876,-38.60812378
2470,9.88,-38.624603272
2471,9.884,-38.661804200000006
2472,9.888,-38.68772888199999
2473,9.892,-38.712799072999985
2474,9.896,-38.740646362999996
2475,9.9,-38.763412475999985
2476,9.904,-38.796417236999986
2477,9.908,-38.80288696299999
2478,9.912,-38.825317383
2479,9.916,-38.85353088400001
2480,9.92,-38.850112916
2481,9.924,-38.895843506000006
2482,9.928,-38.908660889000004
2483,9.932,-38.920028686999984
2484,9.936,-38.92491150000001
2485,9.94,-38.933563233
2486,9.944,-38.936721801999994
2487,9.948,-38.95899963400001
2488,9.952,-38.95933532800001
2489,9.956,-38.971359253
2490,9.96,-38.99206543
2491,9.964,-39.003845214999984
2492,9.968,-39.03013610899998
2493,9.972,-39.035614014000004
2494,9.976,-39.034851075000006
2495,9.98,-39.048339844
2496,9.984,-39.062423706999994
2497,9.988,-39.076828003
2498,9.992,-39.080490112999996
2499,9.996,-39.084259033999984
2500,10.0,-39.10777282800001
2501,10.004,-39.12744140699999
2502,10.008,-39.13499450699999
2503,10.012,-39.144989014000004
2504,10.016,-39.154174805
2505,10.02,-39.15481567399999
2506,10.024,-39.15977478099998
2507,10.028,-39.172241211
2508,10.032,-39.180755616
2509,10.036,-39.19921875
2510,10.04,-39.20014953699999
2511,10.044,-39.209396362999996
2512,10.048,-39.23034668
2513,10.052,-39.24356079199998
2514,10.056,-39.236221314000005
2515,10.06,-39.257019042999985
2516,10.064,-39.28390503
2517,10.068,-39.29400634799998
2518,10.072,-39.32385253999999
2519,10.076,-39.336471558
2520,10.08,-39.34449768100001
2521,10.084,-39.36163330099998
2522,10.088,-39.370574952
2523,10.092,-39.38650512699999
2524,10.096,-39.404373168999996
2525,10.1,-39.428009033999984
2526,10.104,-39.44136047399999
2527,10.108,-39.45742797899999
2528,10.112,-39.47886657800001
2529,10.116,-39.48564148
2530,10.12,-39.516723633
2531,10.124,-39.513351441
2532,10.128,-39.532073975
2533,10.132,-39.533843994999984
2534,10.136,-39.524246215999995
2535,10.14,-39.550857543999996
2536,10.144,-39.551391601999995
2537,10.148,-39.572311402
2538,10.152,-39.58374023499999
2539,10.156,-39.58241272000001
2540,10.16,-39.58377075199999
2541,10.164,-39.615081788
2542,10.168,-39.613128663
2543,10.172,-39.603118897
2544,10.176,-39.62762451199998
2545,10.18,-39.62388610899998
2546,10.184,-39.63153076199998
2547,10.188,-39.659759522
2548,10.192,-39.648483277
2549,10.196,-39.670532226999995
2550,10.2,-39.68446350099998
2551,10.204,-39.670288086
2552,10.208,-39.683807374
2553,10.212,-39.68751525900001
2554,10.216,-39.68183898999999
2555,10.22,-39.70547485399999
2556,10.224,-39.716842652
2557,10.228,-39.733856202
2558,10.232,-39.725677491
2559,10.236,-39.719894409999995
2560,10.24,-39.72776794499998
2561,10.244,-39.752227783999984
2562,10.248,-39.736740112999996
2563,10.252,-39.73280334500001
2564,10.256,-39.73576355
2565,10.26,-39.75477600099998
2566,10.264,-39.750732422
2567,10.268,-39.76911926299999
2568,10.272,-39.76972961499999
2569,10.276,-39.74822998100001
2570,10.28,-39.779724122000005
2571,10.284,-39.77861023
2572,10.288,-39.792892456999994
2573,10.292,-39.81599426299999
2574,10.296,-39.83328247099999
2575,10.3,-39.835510253999985
2576,10.304,-39.84089660699999
2577,10.308,-39.86543273999999
2578,10.312,-39.899383545000006
2579,10.316,-39.914886475
2580,10.32,-39.934005737999996
2581,10.324,-39.94351196299999
2582,10.328,-39.990768433
2583,10.332,-40.015350342000005
2584,10.336,-40.04913330099998
2585,10.34,-40.063293458000004
2586,10.344,-40.106658936
2587,10.348,-40.128295898999994
2588,10.352,-40.19509887699999
2589,10.356,-40.22183227599999
2590,10.36,-40.24958801299999
2591,10.364,-40.28785705600001
2592,10.368,-40.31335449299999
2593,10.372,-40.35069275000001
2594,10.376,-40.384445191
2595,10.38,-40.427658081999994
2596,10.384,-40.42495727599999
2597,10.388,-40.434616089
2598,10.392,-40.46215820399999
2599,10.396,-40.49462890699999
